,league_id,league_name,league_type,country
0,4,Euro Championship,Cup,
1,21,Confederations Cup,Cup,
2,61,Ligue 1,League,FR
3,144,Jupiler Pro League,League,BE
4,71,Serie A,League,BR
5,39,Premier League,League,GB-ENG
6,78,Bundesliga,League,DE
7,135,Serie A,League,IT
8,88,Eredivisie,League,NL
9,94,Primeira Liga,League,PT
10,140,La Liga,League,ES
11,179,Premiership,League,GB-SCT
12,180,Championship,League,GB-SCT
13,1,World Cup,Cup,
14,803,Asian Games,Cup,
15,804,Caribbean Cup,Cup,
16,62,Ligue 2,League,FR
17,2,UEFA Champions League,Cup,
18,311,1st Division,League,AL
19,310,Superliga,League,AL
20,186,Ligue 1,League,DZ
21,187,Ligue 2,League,DZ
22,571,Vysshaya Liga,League,TJ
23,586,West Bank Premier League,League,PS
24,588,National League,League,MM
25,591,Pro League,League,TT
26,335,Cup,Cup,UA
27,336,Druha Liga,League,UA
28,334,Persha Liga,League,UA
29,333,Premier League,League,UA
30,301,Pro League,League,AE
31,303,Division 1,League,AE
32,302,League Cup,Cup,AE
33,269,Segunda División,League,UY
34,202,Ligue 1,League,TN
35,203,Süper Lig,League,TR
36,204,1. Lig,League,TR
37,205,2. Lig,League,TR
38,206,Cup,Cup,TR
39,552,3. Lig - Group 1,League,TR
40,553,3. Lig - Group 2,League,TR
41,554,3. Lig - Group 3,League,TR
42,63,National 1,League,FR
43,66,Coupe de France,Cup,FR
44,65,Coupe de la Ligue,Cup,FR
45,67,National 2 - Group A,League,FR
46,68,National 2 - Group B,League,FR
47,69,National 2 - Group C,League,FR
48,70,National 2 - Group D,League,FR
49,233,Premier League,League,EG
50,370,Primera Division,League,SV
51,328,Esiliiga A,League,EE
52,329,Meistriliiga,League,EE
53,326,Erovnuli Liga 2,League,GE
54,570,Premier League,League,GH
55,377,Division d'Honneur,League,GP
56,339,Liga Nacional,League,GT
57,338,Primera Division,League,GT
58,199,Cup,Cup,GR
59,198,Football League,League,GR
60,197,Super League 1,League,GR
61,79,2. Bundesliga,League,DE
62,80,3. Liga,League,DE
63,529,Super Cup,Cup,DE
64,81,DFB Pokal,Cup,DE
65,7,Asian Cup,Cup,
66,8,World Cup - Women,Cup,
67,512,2nd Division - Group A,League,AL
68,513,2nd Division - Group B,League,AL
69,312,1a Divisió,League,AD
70,313,2a Divisió,League,AD
71,131,Primera B Metropolitana,League,AR
72,129,Primera Nacional,League,AR
73,132,Primera C,League,AR
74,133,Primera D,League,AR
75,134,Torneo Federal A,League,AR
76,188,A-League,League,AU
77,191,Brisbane Premier League,League,AU
78,193,Northern Territory Premier League,League,AU
79,220,Cup,Cup,AT
80,219,2. Liga,League,AT
81,218,Bundesliga,League,AT
82,418,Birinci Dasta,League,AZ
83,419,Premyer Liqa,League,AZ
84,222,Regionalliga - Mitte,League,AT
85,221,Regionalliga - Ost,League,AT
86,223,Regionalliga - West,League,AT
87,110,Premier League,League,GB-WLS
88,112,Welsh Cup,Cup,GB-WLS
89,299,Primera División,League,VE
90,300,Segunda División,League,VE
91,406,Professional League,League,OM
92,322,Premier League,League,JM
93,387,League,League,JO
94,388,1. Division,League,KZ
95,330,Premier League,League,KW
96,119,Superliga,League,DK
97,120,1. Division,League,DK
98,124,Denmark Series - Group 1,League,DK
99,125,Denmark Series - Group 2,League,DK
100,126,Denmark Series - Group 3,League,DK
101,234,Liga Nacional,League,HN
102,381,HKFA 1st Division,League,HK
103,380,Premier League,League,HK
104,273,Magyar Kupa,Cup,HU
105,271,NB I,League,HU
106,272,NB II,League,HU
107,390,Premier League,League,LB
108,261,National Division,League,LU
109,306,Second Division,League,QA
110,305,Stars League,League,QA
111,40,Championship,League,GB-ENG
112,46,EFL Trophy,Cup,GB-ENG
113,45,FA Cup,Cup,GB-ENG
114,47,FA Trophy,Cup,GB-ENG
115,48,League Cup,Cup,GB-ENG
116,43,National League,League,GB-ENG
117,41,League One,League,GB-ENG
118,42,League Two,League,GB-ENG
119,568,Eerste Divisie,League,SR
120,15,FIFA Club World Cup,Cup,
121,422,Premier League,League,BB
122,480,Olympics Men,Cup,
123,535,CECAFA Senior Challenge Cup,Cup,
124,72,Serie B,League,BR
125,75,Serie C,League,BR
126,76,Serie D,League,BR
127,585,Premier League,League,UG
128,598,Première Division,League,ML
129,253,Major League Soccer,League,US
130,257,US Open Cup,Cup,US
131,268,Primera División - Apertura,League,UY
132,270,Primera División - Clausura,League,UY
133,369,Super League,League,UZ
134,296,Thai League 1,League,TH
135,297,Thai League 2,League,TH
136,551,Super Cup,Cup,TR
137,366,1. Deild,League,FO
138,367,Meistaradeildin,League,FO
139,245,Ykkönen,League,FI
140,244,Veikkausliiga,League,FI
141,246,Suomen Cup,Cup,FI
142,247,Kakkonen - Lohko A,League,FI
143,248,Kakkonen - Lohko B,League,FI
144,249,Kakkonen - Lohko C,League,FI
145,526,Trophée des Champions,Cup,FR
146,242,Liga Pro,League,EC
147,243,Liga Pro Serie B,League,EC
148,539,Super Cup,Cup,EG
149,397,Girabola,League,AO
150,343,First League,League,AM
151,342,Premier League,League,AM
152,481,Northern NSW NPL,League,AU
153,116,Premier League,League,BY
154,117,1. Division,League,BY
155,118,2. Division,League,BY
156,400,Super League,League,ZM
157,340,V.League 1,League,VN
158,102,Emperor Cup,Cup,JP
159,101,J-League Cup,Cup,JP
160,98,J1 League,League,JP
161,99,J2 League,League,JP
162,100,J3 League,League,JP
163,389,Premier League,League,KZ
164,276,FKF Premier League,League,KE
165,121,DBU Pokalen,Cup,DK
166,379,Ligue Haïtienne,League,HT
167,364,1. Liga,League,LV
168,365,Virsliga,League,LV
169,361,1 Lyga,League,LT
170,362,A Lyga,League,LT
171,528,Community Shield,Cup,GB-ENG
172,505,League Cup,Cup,SG
173,28,SAFF Championship,Cup,
174,421,Division di Honor,League,AW
175,420,Cup,Cup,AZ
176,298,FA Cup,Cup,TH
177,376,National Football League,League,FJ
178,64,Feminine Division 1,League,FR
179,3,UEFA Europa League,Cup,
180,327,Erovnuli Liga,League,GE
181,378,Ligue 1,League,GN
182,37,World Cup - Qualification Intercontinental Play-offs,Cup,
183,520,Acreano,League,BR
184,807,AFC Challenge Cup,Cup,
185,547,Super Cup,Cup,IT
186,19,African Nations Championship,Cup,
187,24,AFF Championship,Cup,
188,128,Liga Profesional Argentina,League,AR
189,183,League One,League,GB-SCT
190,184,League Two,League,GB-SCT
191,22,CONCACAF Gold Cup,Cup,
192,23,EAFF E-1 Football Championship,Cup,
193,27,OFC Champions League,Cup,
194,519,Super Cup,Cup,BE
195,527,Super Cup,Cup,CL
196,6,Africa Cup of Nations,Cup,
197,9,Copa America,Cup,
198,925,Super Cup,Cup,CZ
199,255,USL Championship,League,US
200,363,Premier League,League,ET
201,122,2nd Division - Group 1,League,DK
202,123,2nd Division - Group 2,League,DK
203,567,Ligi kuu Bara,League,TZ
204,550,Super Cup,Cup,PT
205,555,Supercupa,Cup,RO
206,556,Super Cup,Cup,ES
207,497,Japan Football League,League,JP
208,127,Denmark Series - Group 4,League,DK
209,563,Ettan - Norra,League,SE
210,564,Ettan - Södra,League,SE
211,317,1st League - RS,League,BA
212,316,1st League - FBiH,League,BA
213,295,K3 League,League,KR
214,495,Hazfi Cup,Cup,IR
215,496,Liga Alef,League,IL
216,506,2. liga,League,SK
217,514,Coupe Nationale,Cup,DZ
218,521,Amapaense,League,BR
219,522,Amazonense,League,BR
220,524,Olympics Women,Cup,
221,531,UEFA Super Cup,Cup,
222,543,Super Cup,Cup,NL
223,166,2. Deild,League,IS
224,368,Premier League,League,SG
225,314,Cup,Cup,BA
226,315,Premijer Liga,League,BA
227,371,First League,League,MK
228,382,Liga Leumit,League,IL
229,383,Ligat Ha'al,League,IL
230,386,Ligue 1,League,CI
231,392,Challenge League,League,MT
232,393,Premier League,League,MT
233,394,Super Liga,League,MD
234,396,Primera Division,League,NI
235,96,Taça de Portugal,Cup,PT
236,399,NPFL,League,NG
237,401,Premier Soccer League,League,ZW
238,402,Sudani Premier League,League,SD
239,403,Ligue 1,League,SN
240,404,Campionato,League,SM
241,411,Elite One,League,CM
242,410,C-League,League,KH
243,417,Premier League,League,BH
244,415,Championnat National,League,BJ
245,414,Premier League,League,BM
246,413,Super League,League,BT
247,412,Premier League,League,BW
248,398,Premier League,League,BD
249,16,CONCACAF Champions League,Cup,
250,17,AFC Champions League,Cup,
251,25,Gulf Cup of Nations,Cup,
252,26,International Champions Cup,Cup,
253,141,Segunda División,League,ES
254,136,Serie B,League,IT
255,103,Eliteserien,League,NO
256,89,Eerste Divisie,League,NL
257,95,Segunda Liga,League,PT
258,113,Allsvenskan,League,SE
259,162,Primera División,League,CR
260,164,Úrvalsdeild,League,IS
261,169,Super League,League,CN
262,137,Coppa Italia,Cup,IT
263,200,Botola Pro,League,MA
264,207,Super League,League,CH
265,210,HNL,League,HR
266,235,Premier League,League,RU
267,239,Primera A,League,CO
268,250,Division Profesional - Apertura,League,PY
269,73,Copa Do Brasil,Cup,BR
270,90,KNVB Beker,Cup,NL
271,145,Challenger Pro League,League,BE
272,173,Second League,League,BG
273,170,League One,League,CN
274,189,Capital Territory NPL,League,AU
275,240,Primera B,League,CO
276,211,First NL,League,HR
277,138,Serie C - Girone A,League,IT
278,146,Super League Women,League,BE
279,74,Brasileiro Women,League,BR
280,44,FA WSL,League,GB-ENG
281,82,Frauen Bundesliga,League,DE
282,139,Serie A Women,League,IT
283,91,Eredivisie Women,League,NL
284,142,Primera División Femenina,League,ES
285,130,Copa Argentina,Cup,AR
286,190,A-League Women,League,AU
287,236,First League,League,RU
288,165,1. Deild,League,IS
289,251,Division Intermedia,League,PY
290,104,1. Division,League,NO
291,114,Superettan,League,SE
292,208,Challenge League,League,CH
293,262,Liga MX,League,MX
294,263,Liga de Expansión MX,League,MX
295,259,Canadian Championship,Cup,CA
296,278,Super League,League,MY
297,279,Premier League,League,MY
298,280,Premiership,League,NZ
299,281,Primera División,League,PE
300,282,Segunda División,League,PE
301,283,Liga I,League,RO
302,284,Liga II,League,RO
303,286,Super Liga,League,RS
304,287,Prva Liga,League,RS
305,288,Premier Soccer League,League,ZA
306,289,1st Division,League,ZA
307,290,Persian Gulf Pro League,League,IR
308,291,Azadegan League,League,IR
309,292,K League 1,League,KR
310,293,K League 2,League,KR
311,307,Pro League,League,SA
312,308,Division 1,League,SA
313,309,Division 2,League,SA
314,252,Division Profesional - Clausura,League,PY
315,569,Premier League,League,KG
316,592,Division 2 - Norra Götaland,League,SE
317,593,Division 2 - Norra Svealand,League,SE
318,594,Division 2 - Norrland,League,SE
319,595,Division 2 - Södra Svealand,League,SE
320,596,Division 2 - Västra Götaland,League,SE
321,597,Division 2 - Östra Götaland,League,SE
322,511,Cup,Cup,TN
323,488,U19 Bundesliga,League,DE
324,805,Copa Centroamericana,Cup,
325,806,OFC Nations Cup,Cup,
326,766,China Cup,Cup,
327,827,Crown Prince Cup,Cup,SA
328,372,Second League,League,MK
329,174,Cup,Cup,BG
330,10,Friendlies,Cup,
331,14,UEFA Youth League,League,
332,18,AFC Cup,Cup,
333,20,CAF Confederation Cup,Cup,
334,559,League Cup,Cup,GB-NIR
335,560,Presidents Cup,Cup,AE
336,561,Premier Intermediate League,League,GB-NIR
337,407,Championship,League,GB-NIR
338,408,Premiership,League,GB-NIR
339,331,Division 1,League,KW
340,38,UEFA U21 Championship,Cup,
341,425,Premier League,League,SY
342,77,Alagoano,Cup,BR
343,337,Druha Liga - Group B,League,UA
344,185,League Cup,Cup,GB-SCT
345,490,World Cup - U20,Cup,
346,492,Tweede Divisie,League,NL
347,498,Cup,Cup,KZ
348,504,King's Cup,Cup,SA
349,507,Cup,Cup,ZA
350,508,League Cup,Cup,ZA
351,510,1. Liga Promotion,League,CH
352,584,Premier League,League,LY
353,589,Taiwan Football Premier League,League,TW
354,258,Canadian Soccer League,League,CA
355,274,Liga 1,League,ID
356,304,Liga Panameña de Fútbol,League,PA
357,106,Ekstraklasa,League,PL
358,172,First League,League,BG
359,5,UEFA Nations League,Cup,
360,163,Liga de Ascenso,League,CR
361,111,FAW Championship,League,GB-WLS
362,265,Primera División,League,CL
363,266,Primera B,League,CL
364,277,Super League,League,KE
365,318,1. Division,League,CY
366,319,2. Division,League,CY
367,320,3. Division,League,CY
368,201,Botola 2,League,MA
369,323,Indian Super League,League,IN
370,324,I-League,League,IN
371,107,I Liga,League,PL
372,332,Super Liga,League,SK
373,345,Czech Liga,League,CZ
374,346,FNL,League,CZ
375,355,First League,League,ME
376,356,Second League,League,ME
377,344,Primera División,League,BO
378,256,USL League Two,League,US
379,544,FA Cup,Cup,HK
380,545,AIFF Super Cup,Cup,IN
381,557,Super Cup,Cup,NO
382,808,CONCACAF Nations League - Qualification,Cup,
383,373,1. SNL,League,SI
384,374,2. SNL,League,SI
385,391,Super League,League,MW
386,143,Copa del Rey,Cup,ES
387,405,National Soccer League,League,RW
388,409,Premier League,League,NA
389,416,Premier League,League,BZ
390,212,Cup,Cup,HR
391,384,State Cup,Cup,IL
392,285,Cupa României,Cup,RO
393,321,Cup,Cup,CY
394,31,World Cup - Qualification CONCACAF,Cup,
395,32,World Cup - Qualification Europe,Cup,
396,33,World Cup - Qualification Oceania,Cup,
397,34,World Cup - Qualification South America,Cup,
398,29,World Cup - Qualification Africa,Cup,
399,30,World Cup - Qualification Asia,Cup,
400,942,Serie C - Girone B,League,IT
401,943,Serie C - Girone C,League,IT
402,530,Super Cup,Cup,GE
403,718,Piala Indonesia,Cup,ID
404,149,Second Amateur Division - VFV A,League,BE
405,150,Second Amateur Division - VFV B,League,BE
406,151,Third Amateur Division - VFV A,League,BE
407,152,Third Amateur Division - VFV B,League,BE
408,175,Third League - Northeast,League,BG
409,176,Third League - Northwest,League,BG
410,177,Third League - Southeast,League,BG
411,178,Third League - Southwest,League,BG
412,49,National League - Play-offs,League,GB-ENG
413,491,Løgmanssteypid,Cup,FO
414,493,UEFA U19 Championship,Cup,
415,499,Malaysia Cup,Cup,MY
416,516,Super Cup,Cup,DZ
417,537,CONCACAF U20,Cup,
418,224,Landesliga - Burgenland,League,AT
419,225,Landesliga - Karnten,League,AT
420,226,Landesliga - Niederosterreich,League,AT
421,227,Landesliga - Oberosterreich,League,AT
422,228,Landesliga - Salzburg,League,AT
423,229,Landesliga - Steiermark,League,AT
424,230,Landesliga - Tirol,League,AT
425,231,Landesliga - Vorarlbergliga,League,AT
426,232,Landesliga - Wien,League,AT
427,148,Second Amateur Division - ACFF,League,BE
428,153,Provincial - Antwerpen,League,BE
429,154,Provincial - Brabant VFV,League,BE
430,155,Provincial - Hainaut,League,BE
431,156,Provincial - Liege,League,BE
432,157,Provincial - Limburg,League,BE
433,158,Provincial - Luxembourg,League,BE
434,159,Provincial - Namur,League,BE
435,160,Provincial - Oost-Vlaanderen,League,BE
436,161,Provincial - West-Vlaanderen,League,BE
437,423,Ligue 1,League,BF
438,424,Ligue 1,League,CG
439,213,Third NL - Istok,League,HR
440,214,Third NL - Jug,League,HR
441,215,Third NL - Sjever,League,HR
442,216,Third NL - Sredite,League,HR
443,217,Third NL - Zapad,League,HR
444,348,3. liga - CFL A,League,CZ
445,349,3. liga - MSFL,League,CZ
446,350,4. liga - Divizie A,League,CZ
447,351,4. liga - Divizie B,League,CZ
448,352,4. liga - Divizie C,League,CZ
449,353,4. liga - Divizie D,League,CZ
450,354,4. liga - Divizie E,League,CZ
451,50,National League - North,League,GB-ENG
452,51,National League - South,League,GB-ENG
453,52,Non League Div One - Isthmian North,League,GB-ENG
454,53,Non League Div One - Isthmian South Central,League,GB-ENG
455,54,Non League Div One - Northern West,League,GB-ENG
456,55,Non League Div One - Northern Midlands,League,GB-ENG
457,56,Non League Div One - Southern South,League,GB-ENG
458,57,Non League Div One - Isthmian South East,League,GB-ENG
459,58,Non League Premier - Isthmian,League,GB-ENG
460,59,Non League Premier - Northern,League,GB-ENG
461,60,Non League Premier - Southern South,League,GB-ENG
462,92,Derde Divisie - Saturday,League,NL
463,93,Derde Divisie - Sunday,League,NL
464,109,II Liga - East,League,PL
465,341,Cup,Cup,VN
466,238,Youth Championship,League,RU
467,83,Regionalliga - Bayern,League,DE
468,84,Regionalliga - Nord,League,DE
469,85,Regionalliga - Nordost,League,DE
470,86,Regionalliga - SudWest,League,DE
471,87,Regionalliga - West,League,DE
472,426,Serie D - Girone A,League,IT
473,427,Serie D - Girone B,League,IT
474,428,Serie D - Girone C,League,IT
475,429,Serie D - Girone D,League,IT
476,430,Serie D - Girone E,League,IT
477,431,Serie D - Girone F,League,IT
478,432,Serie D - Girone G,League,IT
479,433,Serie D - Girone H,League,IT
480,434,Serie D - Girone I,League,IT
481,435,Primera División RFEF - Group 1,League,ES
482,436,Primera División RFEF - Group 2,League,ES
483,437,Primera División RFEF - Group 3,League,ES
484,438,Primera División RFEF - Group 4,League,ES
485,439,Tercera División RFEF - Group 1,League,ES
486,440,Tercera División RFEF - Group 2,League,ES
487,441,Tercera División RFEF - Group 3,League,ES
488,442,Tercera División RFEF - Group 4,League,ES
489,443,Tercera División RFEF - Group 5,League,ES
490,444,Tercera División RFEF - Group 6,League,ES
491,445,Tercera División RFEF - Group 7,League,ES
492,446,Tercera División RFEF - Group 8,League,ES
493,447,Tercera División RFEF - Group 9,League,ES
494,448,Tercera División RFEF - Group 10,League,ES
495,449,Tercera División RFEF - Group 11,League,ES
496,450,Tercera División RFEF - Group 12,League,ES
497,451,Tercera División RFEF - Group 13,League,ES
498,452,Tercera División RFEF - Group 14,League,ES
499,453,Tercera División RFEF - Group 15,League,ES
500,454,Tercera División RFEF - Group 16,League,ES
501,455,Tercera División RFEF - Group 17,League,ES
502,456,Tercera División RFEF - Group 18,League,ES
503,457,Campeonato de Portugal Prio - Group A,League,PT
504,458,Campeonato de Portugal Prio - Group B,League,PT
505,459,Campeonato de Portugal Prio - Group C,League,PT
506,460,Campeonato de Portugal Prio - Group D,League,PT
507,461,National 3 - Group A,League,FR
508,462,National 3 - Group B,League,FR
509,463,National 3 - Group C,League,FR
510,464,National 3 - Group D,League,FR
511,465,National 3 - Group E,League,FR
512,466,National 3 - Group F,League,FR
513,467,National 3 - Group H,League,FR
514,468,National 3 - Group I,League,FR
515,469,National 3 - Group J,League,FR
516,470,National 3 - Group K,League,FR
517,471,National 3 - Group L,League,FR
518,472,National 3 - Group M,League,FR
519,473,2. Division - Group 1,League,NO
520,474,2. Division - Group 2,League,NO
521,484,Frauenliga,League,AT
522,485,Federation Cup,Cup,BH
523,486,Coppa,Cup,BY
524,487,First Amateur Division,League,BE
525,489,USL League One,League,US
526,494,Super League 2,League,GR
527,501,Copa Paraguay,Cup,PY
528,502,Copa Bicentenario,Cup,PE
529,503,Copa Perú,Cup,PE
530,509,8 Cup,Cup,ZA
531,515,U21 League 1,League,DZ
532,517,Trofeo de Campeones de la Superliga,Cup,AR
533,518,Reserve Pro League,League,BE
534,523,NISA,League,US
535,525,UEFA Champions League Women,Cup,
536,533,CAF Super Cup,Cup,
537,534,CONCACAF Caribbean Club Shield,Cup,
538,275,Liga 2,League,ID
539,395,Liga 1,League,MD
540,267,Copa Chile,Cup,CL
541,171,FA Cup,Cup,CN
542,241,Copa Colombia,Cup,CO
543,147,Cup,Cup,BE
544,167,Cup,Cup,IS
545,168,League Cup,Cup,IS
546,359,FAI Cup,Cup,IE
547,360,League Cup,Cup,IE
548,385,Toto Cup Ligat Al,Cup,IL
549,264,Copa MX,Cup,MX
550,11,CONMEBOL Sudamericana,Cup,
551,12,CAF Champions League,Cup,
552,13,CONMEBOL Libertadores,Cup,
553,209,Schweizer Cup,Cup,CH
554,115,Svenska Cupen,Cup,SE
555,375,Cup,Cup,SI
556,181,FA Cup,Cup,GB-SCT
557,182,Challenge Cup,Cup,GB-SCT
558,237,Cup,Cup,RU
559,97,Taça da Liga,Cup,PT
560,108,Cup,Cup,PL
561,105,NM Cupen,Cup,NO
562,294,FA Cup,Cup,KR
563,325,Santosh Trophy,Cup,IN
564,347,Cup,Cup,CZ
565,35,Asian Cup - Qualification,Cup,
566,254,NWSL Women,League,US
567,260,Pacific Coast Soccer League,League,CA
568,192,New South Wales NPL,League,AU
569,194,South Australia NPL,League,AU
570,195,Victoria NPL,League,AU
571,196,Western Australia NPL,League,AU
572,357,Premier Division,League,IE
573,358,First Division,League,IE
574,768,Arab Club Champions Cup,Cup,
575,769,Premier League Asia Trophy,Cup,
576,770,Pacific Games,Cup,
577,772,Leagues Cup,Cup,
578,773,Sudamericano U20,Cup,
579,546,FAI President's Cup,Cup,IE
580,482,Queensland NPL,League,AU
581,566,Ligue A,League,BI
582,642,Curaçao Sekshon Pagá,League,CW
583,655,Copa Constitució,Cup,AD
584,664,Superliga,League,XK
585,665,Cup,Cup,XK
586,677,QSL Cup,Cup,QA
587,698,FA Women's Cup,Cup,GB-ENG
588,714,Cup,Cup,EG
589,716,Senior Shield,Cup,HK
590,572,Srpska Liga - Belgrade,League,RS
591,573,Srpska Liga - Vojvodina,League,RS
592,574,Srpska Liga - East,League,RS
593,575,Srpska Liga - West,League,RS
594,576,Gamma Ethniki - Group 1,League,GR
595,577,Gamma Ethniki - Group 2,League,GR
596,578,Gamma Ethniki - Group 3,League,GR
597,579,Gamma Ethniki - Group 4,League,GR
598,580,Gamma Ethniki - Group 5,League,GR
599,581,Gamma Ethniki - Group 6,League,GR
600,582,Gamma Ethniki - Group 7,League,GR
601,583,Gamma Ethniki - Group 8,League,GR
602,587,World Cup - U17,Cup,
603,590,A Division,League,NP
604,599,1. Liga Classic - Group 1,League,CH
605,600,1. Liga Classic - Group 2,League,CH
606,601,1. Liga Classic - Group 3,League,CH
607,613,Baiano - 2,League,BR
608,620,Cearense - 2,League,BR
609,625,Carioca - 2,League,BR
610,633,NB III - Northeast,League,HU
611,634,NB III - Southwest,League,HU
612,635,NB III - Northwest,League,HU
613,638,Kvindeliga,League,DK
614,602,Baiano - 1,League,BR
615,603,Paraibano,League,BR
616,604,Catarinense - 1,League,BR
617,605,Paulista - A3,League,BR
618,606,Paranaense - 1,League,BR
619,607,Roraimense,League,BR
620,608,Maranhense,League,BR
621,609,Cearense - 1,League,BR
622,610,Brasiliense,League,BR
623,611,Capixaba,League,BR
624,612,Copa do Nordeste,Cup,BR
625,614,Paranaense - 2,League,BR
626,615,Rondoniense,League,BR
627,616,Potiguar,League,BR
628,617,Copa do Brasil U20,Cup,BR
629,618,São Paulo Youth Cup,Cup,BR
630,619,Mineiro - 2,League,BR
631,621,Piauiense,League,BR
632,622,Pernambucano - 1,League,BR
633,623,Sul-Matogrossense,League,BR
634,624,Carioca - 1,League,BR
635,626,Sergipano,League,BR
636,627,Paraense,League,BR
637,628,Goiano - 1,League,BR
638,629,Mineiro - 1,League,BR
639,630,Matogrossense,League,BR
640,631,Tocantinense,League,BR
641,632,Supercopa do Brasil,Cup,BR
642,636,Ýokary Liga,League,TM
643,637,V.League 2,League,VN
644,639,Super Cup,Cup,IS
645,640,Kansallinen Liiga,League,FI
646,641,NWSL Women - Challenge Cup,Cup,US
647,729,Coppa Titano,Cup,SM
648,730,Football League - Highland League,League,GB-SCT
649,731,Football League - Lowland League,League,GB-SCT
650,732,Cup,Cup,RS
651,733,I Liga - Women,League,SK
652,734,Diski Challenge,League,ZA
653,735,Copa Federacion,Cup,ES
654,737,Svenska Cupen - Women,Cup,SE
655,738,League Cup,Cup,GB-WLS
656,739,AXA Women’s Super League,League,CH
657,740,CBF Brasileiro U20,Cup,BR
658,741,Brasileiro de Aspirantes,Cup,BR
659,742,Copa Paulista,Cup,BR
660,744,Oberliga - Schleswig-Holstein,League,DE
661,745,Oberliga - Hamburg,League,DE
662,746,Oberliga - Mittelrhein,League,DE
663,747,Oberliga - Westfalen,League,DE
664,748,Oberliga - Niedersachsen,League,DE
665,749,Oberliga - Bremen,League,DE
666,750,Oberliga - Hessen,League,DE
667,751,Oberliga - Niederrhein,League,DE
668,752,Oberliga - Rheinland-Pfalz / Saar,League,DE
669,753,Oberliga - Baden-Württemberg,League,DE
670,754,Oberliga - Nordost-Nord,League,DE
671,755,Oberliga - Nordost-Süd,League,DE
672,756,Cup,Cup,MK
673,757,Irish Cup,Cup,GB-NIR
674,758,Premier Division,League,GI
675,759,Liga Mayor,League,DO
676,760,LFA First Division,League,LR
677,761,Cup,Cup,LI
678,762,Premier League,League,MR
679,763,Mauritian League,League,MU
680,764,Premier League,League,MN
681,765,PFL,League,PH
682,767,CONCACAF League,Cup,
683,771,COSAFA U20 Championship,Cup,
684,774,3. Division - Girone 1,League,NO
685,775,3. Division - Girone 2,League,NO
686,776,3. Division - Girone 3,League,NO
687,777,3. Division - Girone 4,League,NO
688,778,3. Division - Girone 5,League,NO
689,779,3. Division - Girone 6,League,NO
690,780,III Liga - Group 1,League,PL
691,781,III Liga - Group 2,League,PL
692,782,III Liga - Group 3,League,PL
693,783,III Liga - Group 4,League,PL
694,784,Liga III - Serie 1,League,RO
695,785,Liga III - Serie 2,League,RO
696,786,Liga III - Serie 3,League,RO
697,787,Liga III - Serie 4,League,RO
698,788,Liga III - Serie 5,League,RO
699,789,Liga III - Serie 6,League,RO
700,790,Liga III - Serie 7,League,RO
701,791,Liga III - Serie 8,League,RO
702,792,Liga III - Serie 9,League,RO
703,793,Liga III - Serie 10,League,RO
704,794,3. SNL - East,League,SI
705,795,3. SNL - West,League,SI
706,796,2. Liga Interregional - Group 1,League,CH
707,797,2. Liga Interregional - Group 2,League,CH
708,798,2. Liga Interregional - Group 3,League,CH
709,799,2. Liga Interregional - Group 4,League,CH
710,800,2. Liga Interregional - Group 5,League,CH
711,801,2. Liga Interregional - Group 6,League,CH
712,802,Cup,Cup,UZ
713,809,Super Cup,Cup,AD
714,810,Super Copa,Cup,AR
715,811,Federation Cup,Cup,BD
716,813,Elite Two,League,CM
717,816,Shield Cup,Cup,JO
718,817,Super Cup Primavera,Cup,IT
719,819,Super Cup,Cup,XK
720,820,Crown Prince Cup,Cup,KW
721,821,FA Trophy,Cup,MT
722,822,Cup,Cup,MA
723,828,Ligue 2,League,TN
724,829,Youth League,League,TM
725,830,Super Cup,Cup,UZ
726,832,Coupe de la Ligue,Cup,DZ
727,837,Rock Cup,Cup,GI
728,838,Super Cup,Cup,JO
729,840,Taça Revelação U23,Cup,PT
730,841,QFA Cup,Cup,QA
731,843,Copa Verde,Cup,BR
732,844,Ligue 1,League,CD
733,845,GFA League,League,GM
734,847,Premier League,League,SZ
735,849,Baltic Cup,Cup,
736,475,Paulista - A1,League,BR
737,476,Paulista - A2,League,BR
738,477,Gaúcho - 1,League,BR
739,478,Gaúcho - 2,League,BR
740,479,Canadian Premier League,League,CA
741,483,Copa de la Superliga,Cup,AR
742,500,FA Cup,Cup,MY
743,532,AFC U23 Asian Cup,Cup,
744,536,CONCACAF Nations League,Cup,
745,538,Africa Cup of Nations U20,Cup,
746,540,CONMEBOL Libertadores U20,Cup,
747,541,CONMEBOL Recopa,Cup,
748,542,Iraqi League,League,IQ
749,863,Cup,Cup,JO
750,881,Olympics Men - Qualification Concacaf,Cup,
751,882,Olympics Women - Qualification Asia,Cup,
752,885,Campeones Cup,Cup,
753,548,Super Cup,Cup,JP
754,549,Damallsvenskan,League,SE
755,558,Supercopa,Cup,PE
756,562,Reserve League,League,BY
757,565,Liga Primera U20,League,NI
758,643,3. liga - Bratislava,League,SK
759,644,3. liga - West,League,SK
760,645,3. liga - East,League,SK
761,646,3. liga - Center,League,SK
762,647,Lao League,League,LA
763,648,Tasmania NPL,League,AU
764,649,Supreme Division Women,League,RU
765,650,Second League - Group 3,League,RU
766,651,Second League - Group 1,League,RU
767,652,Second League - Group 2,League,RU
768,653,Second League - Group 4,League,RU
769,654,Super Cup,Cup,AM
770,656,Super Cup,Cup,BG
771,657,Cup,Cup,EE
772,658,Cup,Cup,LV
773,659,Super Cup,Cup,IL
774,660,WK-League,League,KR
775,661,Cup,Cup,LT
776,662,Copa por México,Cup,MX
777,663,Super Cup,Cup,RU
778,666,Friendlies Women,Cup,
779,667,Friendlies Clubs,Cup,
780,668,1. Liga U19,League,CZ
781,669,1. Liga Women,League,CZ
782,670,Community Shield Women,Cup,GB-ENG
783,671,Úrvalsdeild Women,League,IS
784,672,David Kipiani Cup,Cup,GE
785,673,Liga MX Femenil,League,MX
786,674,Cupa,Cup,MD
787,675,U21 Divisie 1,League,NL
788,676,Central Youth League,League,PL
789,678,Super Cup,Cup,UA
790,679,U21 League,League,UA
791,680,Cup,Cup,SK
792,681,Campeonato de Portugal Prio - Group E,League,PT
793,682,Campeonato de Portugal Prio - Group F,League,PT
794,683,Campeonato de Portugal Prio - Group G,League,PT
795,684,Campeonato de Portugal Prio - Group H,League,PT
796,685,3. liga - CFL B,League,CZ
797,686,4. liga - Divizie F,League,CZ
798,687,Regionalliga - Tirol,League,AT
799,688,Regionalliga - Salzburg,League,AT
800,689,Third Amateur Division - ACFF A,League,BE
801,690,Third Amateur Division - ACFF B,League,BE
802,691,Provincial - Brabant ACFF,League,BE
803,692,Primera División RFEF - Group 5,League,ES
804,693,Gamma Ethniki - Group 9,League,GR
805,694,Gamma Ethniki - Group 10,League,GR
806,695,U18 Premier League - North,League,GB-ENG
807,696,U18 Premier League - South,League,GB-ENG
808,697,WSL Cup,Cup,GB-ENG
809,699,Women's Championship,League,GB-ENG
810,700,Kakkosen Cup,Cup,FI
811,701,Liga Revelação U23,League,PT
812,702,Premier League 2 Division One,League,GB-ENG
813,703,Professional Development League,League,GB-ENG
814,704,Coppa Italia Primavera,Cup,IT
815,705,Campionato Primavera - 1,League,IT
816,706,Campionato Primavera - 2,League,IT
817,707,Cup,Cup,AL
818,708,Super Cup,Cup,AL
819,709,Cup,Cup,AM
820,710,Nacional B,League,BO
821,711,Segunda División,League,CL
822,712,Liga Femenina,League,CO
823,713,Superliga,Cup,CO
824,715,DFB Junioren Pokal,Cup,DE
825,717,I-League - 2nd Division,League,IN
826,719,Super Cup,Cup,KW
827,720,Emir Cup,Cup,KW
828,721,Cup,Cup,LU
829,722,Liga Premier Serie A,League,MX
830,723,Cup,Cup,ME
831,724,U18 Divisie 1,League,NL
832,726,Sultan Cup,Cup,OM
833,727,Super Cup,Cup,PL
834,728,Liga 1 Feminin,League,RO
835,725,Toppserien,League,NO
836,736,Elitettan,League,SE
837,743,UEFA Championship - Women,Cup,
838,812,Super Cup,Cup,BY
839,814,Reykjavik Cup,Cup,IS
840,815,Fotbolti.net Cup A,Cup,IS
841,818,Super Cup,Cup,KZ
842,823,Nasjonal U19 Champions League,Cup,NO
843,824,Emir Cup,Cup,QA
844,825,Qatar Cup,Cup,QA
845,826,Super Cup,Cup,SA
846,831,Super Cup,Cup,VN
847,833,Queensland Premier League,League,AU
848,834,South Australia State League 1,League,AU
849,835,New South Wales NPL 2,League,AU
850,836,Victoria NPL 2,League,AU
851,839,Super Cup,Cup,LT
852,842,Super Copa,Cup,UY
853,846,Somali Premier League,League,SO
854,848,UEFA Europa Conference League,Cup,
855,851,Carioca A2,League,BR
856,852,Super Cup,Cup,CY
857,853,Supercopa de Ecuador,Cup,EC
858,854,WE League,League,JP
859,855,Dhivehi Premier League,League,MV
860,856,CONCACAF Caribbean Club Championship,Cup,
861,857,Campeón de Campeones,Cup,MX
862,858,CONCACAF Gold Cup - Qualification,Cup,
863,859,COSAFA Cup,Cup,
864,860,Arab Cup,Cup,
865,910,Youth Viareggio Cup,Cup,
866,861,U20 League,League,MX
867,862,3. Division,League,DK
868,864,Supercopa,Cup,CR
869,865,Liga 3,League,PT
870,866,MLS All-Star,Cup,US
871,891,Coppa Italia Serie C,Cup,IT
872,868,Premier League,League,PK
873,869,CECAFA Club Cup,Cup,
874,870,Premier League,League,UA
875,871,Premier League Cup,Cup,GB-ENG
876,872,Liga Premier Serie B,League,MX
877,873,Thai Champions Cup,Cup,TH
878,874,Australia Cup,Cup,AU
879,875,Segunda División RFEF - Group 1,League,ES
880,876,Segunda División RFEF - Group 2,League,ES
881,877,Segunda División RFEF - Group 3,League,ES
882,878,Segunda División RFEF - Group 4,League,ES
883,879,Segunda División RFEF - Group 5,League,ES
884,880,World Cup - Women - Qualification Europe,Cup,
885,883,Reserve League,League,NL
886,884,Super Cup,Cup,SM
887,887,Second League,League,EG
888,888,Second League - Group B,League,EG
889,889,Second League - Group C,League,EG
890,890,U20 Elite League,Cup,
891,892,Coppa Italia Serie D,Cup,IT
892,867,Copa Paulino Alcantara,League,PH
893,895,League Cup,Cup,EG
894,896,Super Cup,Cup,AE
895,898,League Cup,Cup,TH
896,902,Algarve Cup,Cup,
897,903,The Atlantic Cup,Cup,
898,905,Super Cup,Cup,IR
899,36,Africa Cup of Nations - Qualification,Cup,
900,944,Super Cup,Cup,OM
901,945,International Champions Cup - Women,Cup,
902,946,Second NL,League,HR
903,947,DFB Pokal - Women,Cup,DE
904,948,1a Divisão - Women,League,PT
905,949,CONMEBOL Libertadores Femenina,Cup,
906,950,World Cup - U17 - Women,Cup,
907,951,South American Youth Games,Cup,
908,952,AFC U23 Asian Cup - Qualification,Cup,
909,953,Africa U23 Cup of Nations - Qualification,Cup,
910,954,National League - Central,League,NZ
911,955,National League - National,League,NZ
912,956,National League - Northern,League,NZ
913,957,National League - Southern,League,NZ
914,958,Copa Costa Rica,Cup,CR
915,959,Cup,Cup,SG
916,961,Supercopa,Cup,PY
917,962,Premier League,League,LS
918,966,Cup,Cup,GH
919,967,Cup,Cup,LB
920,968,Championnat D1,League,GA
921,971,Shield Cup,Cup,KE
922,975,Serie C - Relegation - Play-offs,League,IT
923,976,Serie C - Promotion - Play-offs,League,IT
924,974,Serie C - Supercoppa Lega Finals,League,IT
925,977,Tercera División RFEF - Promotion - Play-offs,League,ES
926,978,2nd Division - Play-offs,League,AL
927,979,Provincial - Play-offs VV,League,BE
928,980,Provincial - Play-offs ACFF,League,BE
929,981,Third Amateur Division - Play-offs,League,BE
930,982,Denmark Series - Promotion Round,League,DK
931,983,Denmark Series - Relegation Round,League,DK
932,984,National League - North - Play-offs,League,GB-ENG
933,985,National League - South - Play-offs,League,GB-ENG
934,986,Non League Div One - Play-offs,League,GB-ENG
935,987,U18 Premier League - Championship,League,GB-ENG
936,988,Oberliga - Promotion Round,League,DE
937,989,Oberliga - Relegation Round,League,DE
938,990,Gamma Ethniki - Promotion Group,League,GR
939,991,Campeonato de Portugal Prio - Promotion Round,League,PT
940,992,Football League - Championship,League,GB-SCT
941,993,Non League Premier - Isthmian - Play-offs,League,GB-ENG
942,994,Non League Premier - Northern - Play-offs,League,GB-ENG
943,995,Non League Premier - Southern South - Play-offs,League,GB-ENG
944,996,Non League Premier - Southern Central - Play-offs,League,GB-ENG
945,997,Serie D - Promotion - Play-offs,League,IT
946,998,Serie D - Relegation - Play-offs,League,IT
947,999,Serie D - Championship Round,League,IT
948,1000,Segunda División RFEF - Play-offs,League,ES
949,1002,Regionalliga - Promotion Play-offs,League,DE
950,1003,Regionalliga - Relegation Round,League,DE
951,1004,Derde Divisie - Relegation Round,League,NL
952,1005,1. Liga Classic - Play-offs,League,CH
953,1006,Primera División RFEF - Play Offs,League,ES
954,1007,3. Lig - Play-offs,League,TR
955,886,UEFA U17 Championship - Qualification,Cup,
956,893,UEFA U19 Championship - Qualification,Cup,
957,894,Asian Cup Women - Qualification,Cup,
958,897,Asian Cup Women,Cup,
959,899,League Cup,Cup,FI
960,900,Tipsport Malta Cup,Cup,
961,901,Ykköscup,Cup,FI
962,904,SheBelieves Cup,Cup,
963,906,Reserve League,League,AR
964,907,Primera Division,League,CU
965,908,AFF U23 Championship,Cup,
966,1009,Liga III - Play-offs,League,RO
967,1010,3. liga - Promotion Play-off,League,CZ
968,1011,Second Amateur Division - Play-offs ,League,BE
969,1014,Second League - Play-offs,League,EG
970,1016,CAC Games,Cup,
971,909,MLS Next Pro,League,US
972,911,Southeast Asian Games,Cup,
973,912,CONCACAF Women U17,Cup,
974,913,CONMEBOL - UEFA Finalissima,Cup,
975,914,Tournoi Maurice Revello,Cup,
976,915,1. Division Women,League,NO
977,916,Kirin Cup,Cup,
978,917,Copa Ecuador,Cup,EC
979,918,UEFA U19 Championship - Women,Cup,
980,919,Mediterranean Games,Cup,
981,920,World Cup - U20 - Women,Cup,
982,921,UEFA U17 Championship,Cup,
983,922,Africa Cup of Nations - Women,Cup,
984,923,League 1 Ontario,League,CA
985,924,Piala Presiden,Cup,ID
986,926,Copa America Femenina,Cup,
987,927,World Cup - Women - Qualification Concacaf,Cup,
988,928,AFF U19 Championship,Cup,
989,929,League Two,League,CN
990,930,Copa Uruguay,Cup,UY
991,931,Non League Premier - Southern Central,League,GB-ENG
992,932,Non League Div One - Northern East,League,GB-ENG
993,933,Non League Div One - Southern Central,League,GB-ENG
994,934,Arab Championship - U20,Cup,
995,935,Diski Shield,Cup,ZA
996,936,Catarinense - 2,League,BR
997,937,Emirates Cup,Cup,
998,938,Oberliga - Bayern Nord,League,DE
999,939,Oberliga - Bayern Süd,League,DE
1000,940,COTIF Tournament,Cup,
1001,941,Islamic Solidarity Games,Cup,
1002,1039,Premier League International Cup,Cup,
1003,1040,UEFA Nations League - Women,Cup,
1004,1041,Júniores U19,League,PT
1005,1042,Super Cup,Cup,GI
1006,1043,African Football League,Cup,
1007,1044,Erste Liga Cup,Cup,CH
1008,1045,Pan American Games,Cup,
1009,1048,Premier Division,League,AG
1010,1049,King's Cup,Cup,BH
1011,1050,Super Cup,Cup,MT
1012,1052,Kakkonen - Play-offs,League,FI
1013,1053,Division 2 - Play-offs,League,SE
1014,1054,2. Division - Play-offs,League,NO
1015,1055,Ettan - Relegation Round,League,SE
1016,1056,National League - Championship - Final,League,NZ
1017,1058,Supercopa Femenina,Cup,ES
1018,1061,Second League A - Spring Season Gold,League,RU
1019,1064,Second League A - Spring Season Silver,League,RU
1020,1065,U19 League,League,UA
1021,1068,FA Youth Cup,Cup,GB-ENG
1022,1072,All Africa Games,Cup,
1023,1074,SWPL Cup,Cup,GB-SCT
1024,1078,SWF Scottish Cup,Cup,GB-SCT
1025,1079,Yemeni League,League,YE
1026,1080,Premier Division,League,GD
1027,1084,Championnat National,League,TG
1028,1099,Gamma Ethniki - Relegation Play-offs,League,GR
1029,1109,Super Cup,Cup,BH
1030,1111,NB III - Promotion Play-offs,League,HU
1031,1121,Second League A - Promotion Play-offs,League,RU
1032,960,Euro Championship - Qualification,Cup,
1033,963,CONCACAF U17,Cup,
1034,964,Copa de la División Profesional,Cup,BO
1035,965,AFC U20 Asian Cup,Cup,
1036,969,Primeira Divisão,League,MO
1037,970,CONMEBOL - U17,Cup,
1038,972,Super Cup,Cup,CN
1039,973,CAF Cup of Nations - U17,Cup,
1040,1008,CAFA Nations Cup,Cup,
1041,1012,AFC U17 Asian Cup,Cup,
1042,1013,All-Island Cup - Women,Cup,
1043,1015,CAF U23 Cup of Nations,Cup,
1044,1017,U23 League,League,MX
1045,1018,Federation Cup,Cup,LB
1046,1019,Charity Shield,Cup,GB-NIR
1047,1020,Calcutta Premier Division,League,IN
1048,1021,Super Cup,Cup,HR
1049,1022,Premier League - Summer Series,League,GB-ENG
1050,1023,NB III - Southeast,League,HU
1051,1024,UEFA - CONMEBOL - Club Challenge,Cup,
1052,1025,Second League A - Fall Season Gold,League,RU
1053,1026,Second League A - Fall Season Silver,League,RU
1054,1027,3. Lig - Group 4,League,TR
1055,1028,Concacaf Central American Cup,Cup,
1056,1029,National 3 - Group G,League,FR
1057,1030,Goiano - 2,League,BR
1058,1031,Premier League,League,BT
1059,1032,Copa de la Liga Profesional,League,AR
1060,1033,Ekstraliga Women,League,PL
1061,1034,2. Frauen Bundesliga,League,DE
1062,1035,Copa Rio,Cup,BR
1063,1036,Copa Santa Catarina,Cup,BR
1064,1037,Paraibano 2,League,BR
1065,1038,King's Cup,Cup,
1066,850,UEFA U21 Championship - Qualification,Cup,
1067,1149,Potiguar - 2,League,BR
1068,1150,Gaúcho - 3,League,BR
1069,1151,Pernambucano - 3,League,BR
1070,1152,U19 Divisie 1,League,NL
1071,1153,AFC U20 Asian Cup - Qualification,Cup,
1072,1154,Catarinense - 3,League,BR
1073,1155,Carioca B2,League,BR
1074,1156,National League Cup,Cup,GB-ENG
1075,1157,Paraense U20,League,BR
1076,1158,Copa Gaúcha,Cup,BR
1077,1159,CECAFA U20 Championship,Cup,
1078,1160,Sapling Cup,Cup,HK
1079,1161,AFC U17 Asian Cup - Qualification,Cup,
1080,1162,AGCFF Gulf Champions League,Cup,
1081,1163,African Nations Championship - Qualification,Cup,
1082,1164,CAF Women's Champions League,Cup,
1083,1165,Copa Fares Lopes,Cup,BR
1084,1166,Super Cup,Cup,CM
1085,1167,Recopa,Cup,CR
1086,1001,CONCACAF Women U20,Cup,
1087,1046,CONCACAF Gold Cup - Qualification - Women,Cup,
1088,1047,Olympics Women - Qualification CAF,Cup,
1089,1051,HKPL Cup,Cup,HK
1090,1057,CONCACAF Gold Cup - Women,Cup,
1091,1059,Recopa Catarinense,Cup,BR
1092,1060,CONMEBOL - Pre-Olympic Tournament,Cup,
1093,1062,Paulista - A4,League,BR
1094,1063,Copa Alagoas,Cup,BR
1095,1066,CONCACAF U20 - Qualification,Cup,
1096,1067,Torneo Promocional Amateur,League,AR
1097,1069,Goiano U20,League,BR
1098,1070,AFC U20 Asian Cup - Women,Cup,
1099,1071,Paranaense U20,League,BR
1100,1073,Baiano U20,League,BR
1101,1075,Pro League A,League,UZ
1102,1076,Catarinense U20,League,BR
1103,1077,WAFF Championship U23,Cup,
1104,1081,CONMEBOL - U17 Femenino,Cup,
1105,1082,Copa Rio U20,Cup,BR
1106,1085,CONMEBOL U20 Femenino,Cup,
1107,1086,Paulista - U20,League,BR
1108,1087,Ykkösliiga,League,FI
1109,1088,Pernambucano - U20,League,BR
1110,1089,UAE-Qatar - Super Shield,Cup,
1111,1090,NNSW League 1,League,AU
1112,1091,Tasmania Northern Championship,League,AU
1113,1092,Capital Territory NPL 2,League,AU
1114,1093,Tasmania Southern Championship,League,AU
1115,1094,Western Australia State League 1,League,AU
1116,1095,USL League One Cup,League,US
1117,1096,Matogrossense 2,League,BR
1118,1097,Copa Espírito Santo,Cup,BR
1119,1098,Paulista Série B,League,BR
1120,1100,Brasiliense U20,League,BR
1121,1101,AFC U17 Asian Cup - Women,Cup,
1122,1102,UEFA U17 Championship - Women,Cup,
1123,1103,Premiership Women,League,GB-NIR
1124,1104,Liga 3,League,GE
1125,1105,Olympics - Intercontinental Play-offs,Cup,
1126,1106,Carioca C,League,BR
1127,1107,Mineiro U20,League,BR
1128,1108,Sergipano U20,League,BR
1129,1110,Alagoano U20,League,BR
1130,1112,Cearense U20,League,BR
1131,1113,Copa Venezuela,Cup,VE
1132,1114,Carioca U20,League,BR
1133,1115,Paraense B2,League,BR
1134,1116,WPSL,League,US
1135,1117,USL W League,League,US
1136,1118,NPSL,League,US
1137,1119,NWSL - Liga MXF Summer Cup,League,US
1138,1120,Paraibano U20,League,BR
1139,1122,OFC U19 Championship,Cup,
1140,1123,Qatar-UAE Super Cup,Cup,
1141,1124,Cearense - 3,League,BR
1142,1125,Pernambucano - 2,League,BR
1143,1126,Esiliiga B,League,EE
1144,1127,Chatham Cup,Cup,NZ
1145,1128,Brasileiro U17,League,BR
1146,1129,ASEAN Club Championship,Cup,
1147,1130,USL Super League,League,US
1148,1131,Super Cup,League,MN
1149,1132,AFC Challenge League,Cup,
1150,1133,Goiano - 3,League,BR
1151,1134,Amazonense - 2,League,BR
1152,1135,Sergipano - 2,League,BR
1153,1136,CONCACAF W Champions Cup,Cup,
1154,1137,Supercup der Frauen,League,DE
1155,1138,Paranaense - 3,League,BR
1156,1139,Potiguar - U20,League,BR
1157,1140,AFC Women's Champions League,Cup,
1158,1141,Brasiliense B,League,BR
1159,1142,Mineiro - 3,League,BR
1160,1143,Estadual Junior U20,League,BR
1161,1144,Super Cup,Cup,GH
1162,1168,FIFA Intercontinental Cup,Cup,
1163,1145,Paraense B1,League,BR
1164,1146,Alagoano - 2,Cup,BR
1165,1148,Maranhense - 2,League,BR
1166,1083,UEFA Championship - Women - Qualification,Cup,
1167,1169,EAFF E-1 Football Championship - Qualification,Cup,
1168,1147,Capixaba B,League,BR
